{
  "model": "gpt-4o-mini",
  "n": 3,
  "exact8Rate": 0.6666666666666666,
  "schemaValidRate": 0.6666666666666666,
  "avgAttempts": null,
  "stopReasonCounts": {
    "ok": 2,
    "unknown": 1
  },
  "tokens": {
    "inputAvg": 5368.333333333333,
    "outputAvg": 1863
  },
  "latencyMsAvg": 37183.333333333336,
  "costUsdAvg": 0.10957333333333334,
  "schemaFailRate": 0,
  "timeoutRate": 0
}